state,county
AL,Bibb County
AL,Blount County
AL,Calhoun County
AL,Cherokee County
AL,Chilton County
AL,Clay County
AL,Cleburne County
AL,Coosa County
AL,Cullman County
AL,DeKalb County
AL,Etowah County
AL,Jackson County
AL,Jefferson County
AL,Lawrence County
AL,Limestone County
AL,Madison County
AL,Marshall County
AL,Morgan County
AL,Randolph County
AL,Shelby County
AL,St Clair County
AL,Talladega County
AK,Anchorage Borough
AK,Fairbanks North Star Borough
AK,Kenai Peninsula Borough
AK,Kodiak Island Borough
AK,Matanuska Susitna Borough
AZ,Cochise County
AZ,Coconino County
AZ,Gila County
AZ,Maricopa County
AZ,Navajo County
AZ,Pima County
AZ,Pinal County
AZ,Santa Cruz County
AZ,Yavapai County
AR,Arkansas County
AR,Ashley County
AR,Baxter County
AR,Benton County
AR,Boone County
AR,Bradley County
AR,Calhoun County
AR,Carroll County
AR,Chicot County
AR,Clark County
AR,Clay County
AR,Cleburne County
AR,Cleveland County
AR,Columbia County
AR,Conway County
AR,Craighead County
AR,Crawford County
AR,Crittenden County
AR,Cross County
AR,Dallas County
AR,Desha County
AR,Drew County
AR,Faulkner County
AR,Franklin County
AR,Fulton County
AR,Garland County
AR,Grant County
AR,Greene County
AR,Hempstead County
AR,Hot Spring County
AR,Howard County
AR,Independence County
AR,Izard County
AR,Jackson County
AR,Jefferson County
AR,Johnson County
AR,Lafayette County
AR,Lawrence County
AR,Lee County
AR,Lincoln County
AR,Little River County
AR,Logan County
AR,Lonoke County
AR,Madison County
AR,Marion County
AR,Miller County
AR,Mississippi County
AR,Monroe County
AR,Montgomery County
AR,Nevada County
AR,Newton County
AR,Ouachita County
AR,Perry County
AR,Phillips County
AR,Pike County
AR,Poinsett County
AR,Polk County
AR,Pope County
AR,Prairie County
AR,Pulaski County
AR,Randolph County
AR,Saline County
AR,Scott County
AR,Searcy County
AR,Sebastian County
AR,Sevier County
AR,Sharp County
AR,St Francis County
AR,Stone County
AR,Union County
AR,Van Buren County
AR,Washington County
AR,White County
AR,Woodruff County
AR,Yell County
CA,Alameda County
CA,Alpine County
CA,Amador County
CA,Butte County
CA,Calaveras County
CA,Colusa County
CA,Contra Costa County
CA,El Dorado County
CA,Fresno County
CA,Glenn County
CA,Kern County
CA,Lake County
CA,Los Angeles County
CA,Madera County
CA,Marin County
CA,Mariposa County
CA,Merced County
CA,Monterey County
CA,Napa County
CA,Nevada County
CA,Orange County
CA,Placer County
CA,Riverside County
CA,Sacramento County
CA,San Benito County
CA,San Bernardino County
CA,San Diego County
CA,San Francisco County
CA,San Joaquin County
CA,San Luis Obispo County
CA,San Mateo County
CA,Santa Barbara County
CA,Santa Clara County
CA,Santa Cruz County
CA,Solano County
CA,Sonoma County
CA,Stanislaus County
CA,Sutter County
CA,Ventura County
CA,Yolo County
CA,Yuba County
CO,Adams County
CO,Alamosa County
CO,Arapahoe County
CO,Boulder County
CO,Broomfield County
CO,Chaffee County
CO,Cheyenne County
CO,Clear Creek County
CO,Conejos County
CO,Costilla County
CO,Denver County
CO,Douglas County
CO,El Paso County
CO,Elbert County
CO,Gilpin County
CO,Jackson County
CO,Jefferson County
CO,Kit Carson County
CO,Lake County
CO,Larimer County
CO,Lincoln County
CO,Logan County
CO,Morgan County
CO,Park County
CO,Phillips County
CO,Rio Blanco County
CO,Routt County
CO,Saguache County
CO,Sedgwick County
CO,Summit County
CO,Teller County
CO,Washington County
CO,Weld County
CO,Yuma County
CT,Fairfield County
CT,Hartford County
CT,Litchfield County
CT,Middlesex County
CT,New Haven County
CT,New London County
CT,Tolland County
CT,Windham County
DE,Kent County
DE,New Castle County
DE,Sussex County
FL,Alachua County
FL,Baker County
FL,Bradford County
FL,Brevard County
FL,Broward County
FL,Charlotte County
FL,Citrus County
FL,Clay County
FL,Collier County
FL,DeSoto County
FL,Duval County
FL,Escambia County
FL,Flagler County
FL,Franklin County
FL,Gadsden County
FL,Glades County
FL,Hardee County
FL,Hendry County
FL,Hernando County
FL,Hillsborough County
FL,Indian River County
FL,Jefferson County
FL,Lake County
FL,Lee County
FL,Leon County
FL,Levy County
FL,Liberty County
FL,Madison County
FL,Manatee County
FL,Marion County
FL,Martin County
FL,Miami Dade County
FL,Nassau County
FL,Okaloosa County
FL,Okeechobee County
FL,Orange County
FL,Osceola County
FL,Palm Beach County
FL,Pasco County
FL,Pinellas County
FL,Polk County
FL,Putnam County
FL,Santa Rosa County
FL,Sarasota County
FL,Seminole County
FL,St Johns County
FL,St Lucie County
FL,Sumter County
FL,Taylor County
FL,Union County
FL,Volusia County
FL,Wakulla County
FL,Walton County
GA,Appling County
GA,Atkinson County
GA,Bacon County
GA,Baker County
GA,Baldwin County
GA,Banks County
GA,Barrow County
GA,Bartow County
GA,Ben Hill County
GA,Berrien County
GA,Bibb County
GA,Bleckley County
GA,Brantley County
GA,Brooks County
GA,Bryan County
GA,Bulloch County
GA,Burke County
GA,Butts County
GA,Calhoun County
GA,Camden County
GA,Candler County
GA,Carroll County
GA,Catoosa County
GA,Charlton County
GA,Chatham County
GA,Chattahoochee County
GA,Chattooga County
GA,Cherokee County
GA,Clarke County
GA,Clay County
GA,Clayton County
GA,Clinch County
GA,Cobb County
GA,Coffee County
GA,Colquitt County
GA,Columbia County
GA,Cook County
GA,Coweta County
GA,Crawford County
GA,Crisp County
GA,Dade County
GA,Dawson County
GA,Decatur County
GA,DeKalb County
GA,Dodge County
GA,Dooly County
GA,Dougherty County
GA,Douglas County
GA,Early County
GA,Echols County
GA,Effingham County
GA,Elbert County
GA,Emanuel County
GA,Evans County
GA,Fannin County
GA,Fayette County
GA,Floyd County
GA,Forsyth County
GA,Franklin County
GA,Fulton County
GA,Gilmer County
GA,Glascock County
GA,Glynn County
GA,Gordon County
GA,Grady County
GA,Greene County
GA,Gwinnett County
GA,Habersham County
GA,Hall County
GA,Hancock County
GA,Haralson County
GA,Harris County
GA,Hart County
GA,Heard County
GA,Henry County
GA,Houston County
GA,Irwin County
GA,Jackson County
GA,Jasper County
GA,Jeff Davis County
GA,Jefferson County
GA,Jenkins County
GA,Johnson County
GA,Jones County
GA,Lamar County
GA,Lanier County
GA,Laurens County
GA,Lee County
GA,Liberty County
GA,Lincoln County
GA,Long County
GA,Lowndes County
GA,Lumpkin County
GA,Macon County
GA,Madison County
GA,Marion County
GA,McDuffie County
GA,McIntosh County
GA,Meriwether County
GA,Miller County
GA,Mitchell County
GA,Monroe County
GA,Montgomery County
GA,Morgan County
GA,Murray County
GA,Muscogee County
GA,Newton County
GA,Oconee County
GA,Oglethorpe County
GA,Paulding County
GA,Peach County
GA,Pickens County
GA,Pierce County
GA,Pike County
GA,Polk County
GA,Pulaski County
GA,Putnam County
GA,Quitman County
GA,Rabun County
GA,Randolph County
GA,Richmond County
GA,Rockdale County
GA,Schley County
GA,Screven County
GA,Seminole County
GA,Spalding County
GA,Stephens County
GA,Stewart County
GA,Sumter County
GA,Talbot County
GA,Taliaferro County
GA,Tattnall County
GA,Taylor County
GA,Telfair County
GA,Terrell County
GA,Thomas County
GA,Tift County
GA,Toombs County
GA,Towns County
GA,Treutlen County
GA,Troup County
GA,Turner County
GA,Twiggs County
GA,Union County
GA,Upson County
GA,Walker County
GA,Walton County
GA,Ware County
GA,Warren County
GA,Washington County
GA,Wayne County
GA,Webster County
GA,Wheeler County
GA,White County
GA,Whitfield County
GA,Wilcox County
GA,Wilkes County
GA,Wilkinson County
GA,Worth County
HI,Hawaii County
HI,Honolulu County
HI,Kalawao County
HI,Kauai County
HI,Maui County
ID,Ada County
ID,Adams County
ID,Bear Lake County
ID,Benewah County
ID,Boise County
ID,Bonner County
ID,Boundary County
ID,Camas County
ID,Canyon County
ID,Caribou County
ID,Cassia County
ID,Clearwater County
ID,Elmore County
ID,Franklin County
ID,Gem County
ID,Gooding County
ID,Idaho County
ID,Jerome County
ID,Kootenai County
ID,Latah County
ID,Lewis County
ID,Lincoln County
ID,Minidoka County
ID,Nez Perce County
ID,Oneida County
ID,Owyhee County
ID,Payette County
ID,Power County
ID,Shoshone County
ID,Twin Falls County
ID,Valley County
ID,Washington County
IL,Bond County
IL,Boone County
IL,Bureau County
IL,Calhoun County
IL,Champaign County
IL,Clinton County
IL,Cook County
IL,De Witt County
IL,DeKalb County
IL,Douglas County
IL,DuPage County
IL,Fayette County
IL,Ford County
IL,Grundy County
IL,Iroquois County
IL,Jersey County
IL,Jo Daviess County
IL,Kane County
IL,Kankakee County
IL,Kendall County
IL,Lake County
IL,LaSalle County
IL,Lee County
IL,Livingston County
IL,Macoupin County
IL,Madison County
IL,Marshall County
IL,McHenry County
IL,McLean County
IL,Monroe County
IL,Montgomery County
IL,Ogle County
IL,Piatt County
IL,Putnam County
IL,Randolph County
IL,St Clair County
IL,Stephenson County
IL,Washington County
IL,Whiteside County
IL,Will County
IL,Winnebago County
IN,Bartholomew County
IN,Boone County
IN,Brown County
IN,Clark County
IN,Crawford County
IN,Dearborn County
IN,Decatur County
IN,Fayette County
IN,Floyd County
IN,Franklin County
IN,Hamilton County
IN,Hancock County
IN,Harrison County
IN,Hendricks County
IN,Jackson County
IN,Jefferson County
IN,Jennings County
IN,Johnson County
IN,Madison County
IN,Marion County
IN,Montgomery County
IN,Morgan County
IN,Ohio County
IN,Orange County
IN,Putnam County
IN,Ripley County
IN,Rush County
IN,Scott County
IN,Shelby County
IN,Switzerland County
IN,Tipton County
IN,Union County
IN,Wayne County
IA,Adair County
IA,Audubon County
IA,Boone County
IA,Cass County
IA,Clarke County
IA,Dallas County
IA,Greene County
IA,Guthrie County
IA,Harrison County
IA,Jasper County
IA,Lucas County
IA,Madison County
IA,Marion County
IA,Mills County
IA,Monroe County
IA,Montgomery County
IA,Polk County
IA,Pottawattamie County
IA,Story County
IA,Warren County
KS,Bourbon County
KS,Franklin County
KS,Johnson County
KS,Leavenworth County
KS,Linn County
KS,Miami County
KS,Wyandotte County
KY,Anderson County
KY,Bath County
KY,Bell County
KY,Boone County
KY,Bourbon County
KY,Boyle County
KY,Bracken County
KY,Breathitt County
KY,Bullitt County
KY,Campbell County
KY,Clark County
KY,Clay County
KY,Estill County
KY,Fayette County
KY,Fleming County
KY,Franklin County
KY,Gallatin County
KY,Garrard County
KY,Grant County
KY,Harlan County
KY,Harrison County
KY,Jackson County
KY,Jefferson County
KY,Jessamine County
KY,Kenton County
KY,Knox County
KY,Laurel County
KY,Lee County
KY,Lewis County
KY,Lincoln County
KY,Madison County
KY,Mason County
KY,Menifee County
KY,Mercer County
KY,Montgomery County
KY,Morgan County
KY,Nicholas County
KY,Oldham County
KY,Owen County
KY,Owsley County
KY,Pendleton County
KY,Powell County
KY,Robertson County
KY,Rockcastle County
KY,Rowan County
KY,Scott County
KY,Shelby County
KY,Spencer County
KY,Whitley County
KY,Wolfe County
KY,Woodford County
LA,Ascension Parish
LA,Bienville Parish
LA,Bossier Parish
LA,Caddo Parish
LA,Claiborne Parish
LA,De Soto Parish
LA,East Baton Rouge Parish
LA,East Feliciana Parish
LA,Iberville Parish
LA,Jefferson Parish
LA,Livingston Parish
LA,Orleans Parish
LA,Plaquemines Parish
LA,Pointe Coupee Parish
LA,St Bernard Parish
LA,St Charles Parish
LA,St Helena Parish
LA,St James Parish
LA,St John the Baptist Parish
LA,St Tammany Parish
LA,Tangipahoa Parish
LA,Washington Parish
LA,Webster Parish
LA,West Baton Rouge Parish
LA,West Feliciana Parish
ME,Androscoggin County
ME,Aroostook County
ME,Cumberland County
ME,Franklin County
ME,Hancock County
ME,Kennebec County
ME,Knox County
ME,Lincoln County
ME,Oxford County
ME,Penobscot County
ME,Piscataquis County
ME,Sagadahoc County
ME,Somerset County
ME,Waldo County
ME,Washington County
ME,York County
MD,Allegany County
MD,Anne Arundel County
MD,Baltimore City
MD,Baltimore County
MD,Calvert County
MD,Caroline County
MD,Carroll County
MD,Cecil County
MD,Charles County
MD,Dorchester County
MD,Frederick County
MD,Garrett County
MD,Harford County
MD,Howard County
MD,Kent County
MD,Montgomery County
MD,Prince George s County
MD,Queen Anne s County
MD,Somerset County
MD,St Mary s County
MD,Talbot County
MD,Washington County
MD,Wicomico County
MD,Worcester County
MA,Barnstable County
MA,Bristol County
MA,Dukes County
MA,Essex County
MA,Franklin County
MA,Hampden County
MA,Hampshire County
MA,Middlesex County
MA,Nantucket County
MA,Norfolk County
MA,Plymouth County
MA,Suffolk County
MA,Worcester County
MI,Allegan County
MI,Barry County
MI,Bay County
MI,Berrien County
MI,Branch County
MI,Calhoun County
MI,Cass County
MI,Clare County
MI,Clinton County
MI,Eaton County
MI,Genesee County
MI,Gladwin County
MI,Gratiot County
MI,Hillsdale County
MI,Huron County
MI,Ingham County
MI,Ionia County
MI,Jackson County
MI,Kalamazoo County
MI,Kent County
MI,Lake County
MI,Lapeer County
MI,Lenawee County
MI,Livingston County
MI,Macomb County
MI,Manistee County
MI,Mason County
MI,Mecosta County
MI,Midland County
MI,Monroe County
MI,Montcalm County
MI,Muskegon County
MI,Newaygo County
MI,Oakland County
MI,Oceana County
MI,Osceola County
MI,Ottawa County
MI,Saginaw County
MI,Sanilac County
MI,Shiawassee County
MI,St Clair County
MI,St Joseph County
MI,Tuscola County
MI,Van Buren County
MI,Washtenaw County
MI,Wayne County
MN,Aitkin County
MN,Anoka County
MN,Becker County
MN,Beltrami County
MN,Benton County
MN,Big Stone County
MN,Blue Earth County
MN,Brown County
MN,Carlton County
MN,Carver County
MN,Cass County
MN,Chippewa County
MN,Chisago County
MN,Clay County
MN,Clearwater County
MN,Cook County
MN,Cottonwood County
MN,Crow Wing County
MN,Dakota County
MN,Dodge County
MN,Douglas County
MN,Faribault County
MN,Fillmore County
MN,Freeborn County
MN,Goodhue County
MN,Grant County
MN,Hennepin County
MN,Houston County
MN,Hubbard County
MN,Isanti County
MN,Itasca County
MN,Jackson County
MN,Kanabec County
MN,Kandiyohi County
MN,Kittson County
MN,Koochiching County
MN,Lac qui Parle County
MN,Lake County
MN,Lake of the Woods County
MN,Le Sueur County
MN,Lincoln County
MN,Lyon County
MN,Mahnomen County
MN,Marshall County
MN,Martin County
MN,McLeod County
MN,Meeker County
MN,Mille Lacs County
MN,Morrison County
MN,Mower County
MN,Murray County
MN,Nicollet County
MN,Nobles County
MN,Norman County
MN,Olmsted County
MN,Otter Tail County
MN,Pennington County
MN,Pine County
MN,Pipestone County
MN,Polk County
MN,Pope County
MN,Ramsey County
MN,Red Lake County
MN,Redwood County
MN,Renville County
MN,Rice County
MN,Rock County
MN,Roseau County
MN,Scott County
MN,Sherburne County
MN,Sibley County
MN,St Louis County
MN,Stearns County
MN,Steele County
MN,Stevens County
MN,Swift County
MN,Todd County
MN,Traverse County
MN,Wabasha County
MN,Wadena County
MN,Waseca County
MN,Washington County
MN,Watonwan County
MN,Wilkin County
MN,Winona County
MN,Wright County
MN,Yellow Medicine County
MS,DeSoto County
MO,Andrew County
MO,Bates County
MO,Bollinger County
MO,Buchanan County
MO,Butler County
MO,Caldwell County
MO,Cape Girardeau County
MO,Carter County
MO,Cass County
MO,Clay County
MO,Clinton County
MO,Crawford County
MO,Daviess County
MO,DeKalb County
MO,Dent County
MO,Franklin County
MO,Gasconade County
MO,Iron County
MO,Jackson County
MO,Jefferson County
MO,Johnson County
MO,Laclede County
MO,Lafayette County
MO,Lincoln County
MO,Madison County
MO,Maries County
MO,Marion County
MO,Monroe County
MO,Montgomery County
MO,Perry County
MO,Phelps County
MO,Pike County
MO,Platte County
MO,Pulaski County
MO,Ralls County
MO,Ray County
MO,Reynolds County
MO,Ripley County
MO,Scott County
MO,St Charles County
MO,St Francois County
MO,St Louis City
MO,St Louis County
MO,Ste Genevieve County
MO,Stoddard County
MO,Texas County
MO,Vernon County
MO,Warren County
MO,Washington County
MO,Wayne County
NE,Burt County
NE,Butler County
NE,Cass County
NE,Cuming County
NE,Dodge County
NE,Douglas County
NE,Fillmore County
NE,Gage County
NE,Jefferson County
NE,Johnson County
NE,Lancaster County
NE,Nemaha County
NE,Nuckolls County
NE,Otoe County
NE,Pawnee County
NE,Polk County
NE,Saline County
NE,Sarpy County
NE,Saunders County
NE,Seward County
NE,Thayer County
NE,Washington County
NE,York County
NV,Carson City
NV,Churchill County
NV,Clark County
NV,Douglas County
NV,Esmeralda County
NV,Eureka County
NV,Humboldt County
NV,Lander County
NV,Lincoln County
NV,Lyon County
NV,Mineral County
NV,Nye County
NV,Pershing County
NV,Storey County
NV,Washoe County
NV,White Pine County
NH,Belknap County
NH,Carroll County
NH,Cheshire County
NH,Coos County
NH,Grafton County
NH,Hillsborough County
NH,Merrimack County
NH,Rockingham County
NH,Strafford County
NH,Sullivan County
NJ,Atlantic County
NJ,Bergen County
NJ,Burlington County
NJ,Camden County
NJ,Cape May County
NJ,Cumberland County
NJ,Essex County
NJ,Gloucester County
NJ,Hudson County
NJ,Hunterdon County
NJ,Mercer County
NJ,Middlesex County
NJ,Monmouth County
NJ,Morris County
NJ,Ocean County
NJ,Passaic County
NJ,Salem County
NJ,Somerset County
NJ,Sussex County
NJ,Union County
NJ,Warren County
NM,Bernalillo County
NM,Cibola County
NM,Guadalupe County
NM,Los Alamos County
NM,Rio Arriba County
NM,San Miguel County
NM,Sandoval County
NM,Santa Fe County
NM,Socorro County
NM,Torrance County
NM,Valencia County
NY,Albany County
NY,Allegany County
NY,Bronx County
NY,Cattaraugus County
NY,Cayuga County
NY,Chautauqua County
NY,Dutchess County
NY,Erie County
NY,Fulton County
NY,Genesee County
NY,Kings County
NY,Livingston County
NY,Madison County
NY,Monroe County
NY,Montgomery County
NY,Nassau County
NY,New York County
NY,Niagara County
NY,Onondaga County
NY,Ontario County
NY,Orange County
NY,Orleans County
NY,Oswego County
NY,Putnam County
NY,Queens County
NY,Rensselaer County
NY,Richmond County
NY,Rockland County
NY,Saratoga County
NY,Schenectady County
NY,Schoharie County
NY,Suffolk County
NY,Sullivan County
NY,Ulster County
NY,Warren County
NY,Washington County
NY,Wayne County
NY,Westchester County
NY,Wyoming County
NC,Alamance County
NC,Alexander County
NC,Alleghany County
NC,Anson County
NC,Ashe County
NC,Avery County
NC,Buncombe County
NC,Burke County
NC,Cabarrus County
NC,Caldwell County
NC,Caswell County
NC,Catawba County
NC,Chatham County
NC,Cherokee County
NC,Clay County
NC,Cleveland County
NC,Davidson County
NC,Davie County
NC,Durham County
NC,Forsyth County
NC,Franklin County
NC,Gaston County
NC,Graham County
NC,Granville County
NC,Guilford County
NC,Harnett County
NC,Haywood County
NC,Henderson County
NC,Iredell County
NC,Jackson County
NC,Johnston County
NC,Lee County
NC,Lincoln County
NC,Macon County
NC,Madison County
NC,McDowell County
NC,Mecklenburg County
NC,Mitchell County
NC,Montgomery County
NC,Moore County
NC,Orange County
NC,Person County
NC,Polk County
NC,Randolph County
NC,Richmond County
NC,Rockingham County
NC,Rowan County
NC,Rutherford County
NC,Stanly County
NC,Stokes County
NC,Surry County
NC,Swain County
NC,Transylvania County
NC,Union County
NC,Vance County
NC,Wake County
NC,Watauga County
NC,Wilkes County
NC,Yadkin County
NC,Yancey County
OH,Adams County
OH,Ashland County
OH,Ashtabula County
OH,Athens County
OH,Belmont County
OH,Brown County
OH,Butler County
OH,Carroll County
OH,Clermont County
OH,Clinton County
OH,Columbiana County
OH,Coshocton County
OH,Cuyahoga County
OH,Delaware County
OH,Erie County
OH,Fairfield County
OH,Fayette County
OH,Franklin County
OH,Gallia County
OH,Geauga County
OH,Greene County
OH,Guernsey County
OH,Hamilton County
OH,Harrison County
OH,Highland County
OH,Hocking County
OH,Holmes County
OH,Huron County
OH,Jackson County
OH,Jefferson County
OH,Knox County
OH,Lake County
OH,Lawrence County
OH,Licking County
OH,Lorain County
OH,Madison County
OH,Mahoning County
OH,Marion County
OH,Medina County
OH,Miami County
OH,Monroe County
OH,Montgomery County
OH,Morgan County
OH,Morrow County
OH,Muskingum County
OH,Noble County
OH,Perry County
OH,Pickaway County
OH,Pike County
OH,Portage County
OH,Preble County
OH,Ross County
OH,Scioto County
OH,Stark County
OH,Summit County
OH,Trumbull County
OH,Tuscarawas County
OH,Union County
OH,Vinton County
OH,Warren County
OH,Washington County
OH,Wayne County
OK,Adair County
OK,Alfalfa County
OK,Atoka County
OK,Beaver County
OK,Beckham County
OK,Blaine County
OK,Bryan County
OK,Caddo County
OK,Canadian County
OK,Carter County
OK,Cherokee County
OK,Choctaw County
OK,Cimarron County
OK,Cleveland County
OK,Coal County
OK,Comanche County
OK,Cotton County
OK,Craig County
OK,Creek County
OK,Custer County
OK,Delaware County
OK,Dewey County
OK,Ellis County
OK,Garfield County
OK,Garvin County
OK,Grady County
OK,Grant County
OK,Greer County
OK,Harmon County
OK,Harper County
OK,Haskell County
OK,Hughes County
OK,Jackson County
OK,Jefferson County
OK,Johnston County
OK,Kay County
OK,Kingfisher County
OK,Kiowa County
OK,Latimer County
OK,Le Flore County
OK,Lincoln County
OK,Logan County
OK,Love County
OK,Major County
OK,Marshall County
OK,Mayes County
OK,McClain County
OK,McCurtain County
OK,McIntosh County
OK,Murray County
OK,Muskogee County
OK,Noble County
OK,Nowata County
OK,Okfuskee County
OK,Oklahoma County
OK,Okmulgee County
OK,Osage County
OK,Ottawa County
OK,Pawnee County
OK,Payne County
OK,Pittsburg County
OK,Pontotoc County
OK,Pottawatomie County
OK,Pushmataha County
OK,Roger Mills County
OK,Rogers County
OK,Seminole County
OK,Sequoyah County
OK,Stephens County
OK,Texas County
OK,Tillman County
OK,Tulsa County
OK,Wagoner County
OK,Washington County
OK,Washita County
OK,Woods County
OK,Woodward County
OR,Baker County
OR,Benton County
OR,Clackamas County
OR,Clatsop County
OR,Columbia County
OR,Coos County
OR,Crook County
OR,Curry County
OR,Deschutes County
OR,Douglas County
OR,Gilliam County
OR,Grant County
OR,Harney County
OR,Hood River County
OR,Jackson County
OR,Jefferson County
OR,Josephine County
OR,Klamath County
OR,Lane County
OR,Linn County
OR,Malheur County
OR,Marion County
OR,Morrow County
OR,Multnomah County
OR,Polk County
OR,Sherman County
OR,Tillamook County
OR,Umatilla County
OR,Union County
OR,Wallowa County
OR,Wasco County
OR,Washington County
OR,Wheeler County
OR,Yamhill County
PA,Adams County
PA,Allegheny County
PA,Armstrong County
PA,Beaver County
PA,Berks County
PA,Bucks County
PA,Butler County
PA,Chester County
PA,Cumberland County
PA,Dauphin County
PA,Delaware County
PA,Fayette County
PA,Franklin County
PA,Fulton County
PA,Greene County
PA,Indiana County
PA,Juniata County
PA,Lancaster County
PA,Lawrence County
PA,Lebanon County
PA,Lehigh County
PA,Mercer County
PA,Montgomery County
PA,Northampton County
PA,Perry County
PA,Philadelphia County
PA,Schuylkill County
PA,Somerset County
PA,Washington County
PA,Westmoreland County
PA,York County
RI,Bristol County
RI,Kent County
RI,Newport County
RI,Providence County
RI,Washington County
SC,Abbeville County
SC,Aiken County
SC,Allendale County
SC,Anderson County
SC,Bamberg County
SC,Barnwell County
SC,Beaufort County
SC,Berkeley County
SC,Calhoun County
SC,Charleston County
SC,Cherokee County
SC,Chester County
SC,Chesterfield County
SC,Clarendon County
SC,Colleton County
SC,Darlington County
SC,Dillon County
SC,Dorchester County
SC,Edgefield County
SC,Fairfield County
SC,Florence County
SC,Georgetown County
SC,Greenville County
SC,Greenwood County
SC,Hampton County
SC,Horry County
SC,Jasper County
SC,Kershaw County
SC,Lancaster County
SC,Laurens County
SC,Lee County
SC,Lexington County
SC,Marion County
SC,Marlboro County
SC,McCormick County
SC,Newberry County
SC,Oconee County
SC,Orangeburg County
SC,Pickens County
SC,Richland County
SC,Saluda County
SC,Spartanburg County
SC,Sumter County
SC,Union County
SC,Williamsburg County
SC,York County
TN,Anderson County
TN,Bedford County
TN,Benton County
TN,Bledsoe County
TN,Blount County
TN,Bradley County
TN,Campbell County
TN,Cannon County
TN,Carroll County
TN,Carter County
TN,Cheatham County
TN,Chester County
TN,Claiborne County
TN,Clay County
TN,Cocke County
TN,Coffee County
TN,Crockett County
TN,Cumberland County
TN,Davidson County
TN,Decatur County
TN,DeKalb County
TN,Dickson County
TN,Dyer County
TN,Fayette County
TN,Fentress County
TN,Franklin County
TN,Gibson County
TN,Giles County
TN,Grainger County
TN,Greene County
TN,Grundy County
TN,Hamblen County
TN,Hamilton County
TN,Hancock County
TN,Hardeman County
TN,Hardin County
TN,Hawkins County
TN,Haywood County
TN,Henderson County
TN,Henry County
TN,Hickman County
TN,Houston County
TN,Humphreys County
TN,Jackson County
TN,Jefferson County
TN,Johnson County
TN,Knox County
TN,Lake County
TN,Lauderdale County
TN,Lawrence County
TN,Lewis County
TN,Lincoln County
TN,Loudon County
TN,Macon County
TN,Madison County
TN,Marion County
TN,Marshall County
TN,Maury County
TN,McMinn County
TN,McNairy County
TN,Meigs County
TN,Monroe County
TN,Montgomery County
TN,Moore County
TN,Morgan County
TN,Obion County
TN,Overton County
TN,Perry County
TN,Pickett County
TN,Polk County
TN,Putnam County
TN,Rhea County
TN,Roane County
TN,Robertson County
TN,Rutherford County
TN,Scott County
TN,Sequatchie County
TN,Sevier County
TN,Shelby County
TN,Smith County
TN,Stewart County
TN,Sullivan County
TN,Sumner County
TN,Tipton County
TN,Trousdale County
TN,Unicoi County
TN,Union County
TN,Van Buren County
TN,Warren County
TN,Washington County
TN,Wayne County
TN,Weakley County
TN,White County
TN,Williamson County
TN,Wilson County
TX,Anderson County
TX,Angelina County
TX,Aransas County
TX,Archer County
TX,Atascosa County
TX,Austin County
TX,Bandera County
TX,Bastrop County
TX,Baylor County
TX,Bee County
TX,Bell County
TX,Bexar County
TX,Blanco County
TX,Bosque County
TX,Bowie County
TX,Brazoria County
TX,Brazos County
TX,Brown County
TX,Burleson County
TX,Burnet County
TX,Caldwell County
TX,Calhoun County
TX,Callahan County
TX,Camp County
TX,Cass County
TX,Chambers County
TX,Cherokee County
TX,Clay County
TX,Coke County
TX,Coleman County
TX,Collin County
TX,Colorado County
TX,Comal County
TX,Comanche County
TX,Concho County
TX,Cooke County
TX,Coryell County
TX,Dallas County
TX,Delta County
TX,Denton County
TX,DeWitt County
TX,Dimmit County
TX,Duval County
TX,Eastland County
TX,Edwards County
TX,El Paso County
TX,Ellis County
TX,Erath County
TX,Falls County
TX,Fannin County
TX,Fayette County
TX,Fisher County
TX,Foard County
TX,Fort Bend County
TX,Franklin County
TX,Freestone County
TX,Frio County
TX,Galveston County
TX,Gillespie County
TX,Goliad County
TX,Gonzales County
TX,Grayson County
TX,Gregg County
TX,Grimes County
TX,Guadalupe County
TX,Hamilton County
TX,Hardeman County
TX,Hardin County
TX,Harris County
TX,Harrison County
TX,Haskell County
TX,Hays County
TX,Henderson County
TX,Hidalgo County
TX,Hill County
TX,Hood County
TX,Hopkins County
TX,Houston County
TX,Hudspeth County
TX,Hunt County
TX,Jack County
TX,Jackson County
TX,Jasper County
TX,Jefferson County
TX,Jim Wells County
TX,Johnson County
TX,Jones County
TX,Karnes County
TX,Kaufman County
TX,Kendall County
TX,Kerr County
TX,Kimble County
TX,King County
TX,Kinney County
TX,Kleberg County
TX,Knox County
TX,La Salle County
TX,Lamar County
TX,Lampasas County
TX,Lavaca County
TX,Lee County
TX,Leon County
TX,Liberty County
TX,Limestone County
TX,Live Oak County
TX,Llano County
TX,Madison County
TX,Marion County
TX,Mason County
TX,Matagorda County
TX,Maverick County
TX,McCulloch County
TX,McLennan County
TX,McMullen County
TX,Medina County
TX,Menard County
TX,Milam County
TX,Mills County
TX,Montague County
TX,Montgomery County
TX,Morris County
TX,Nacogdoches County
TX,Navarro County
TX,Newton County
TX,Nolan County
TX,Nueces County
TX,Orange County
TX,Palo Pinto County
TX,Panola County
TX,Parker County
TX,Polk County
TX,Rains County
TX,Real County
TX,Red River County
TX,Refugio County
TX,Robertson County
TX,Rockwall County
TX,Runnels County
TX,Rusk County
TX,Sabine County
TX,San Augustine County
TX,San Jacinto County
TX,San Patricio County
TX,San Saba County
TX,Schleicher County
TX,Shackelford County
TX,Shelby County
TX,Smith County
TX,Somervell County
TX,Starr County
TX,Stephens County
TX,Stonewall County
TX,Sutton County
TX,Tarrant County
TX,Taylor County
TX,Throckmorton County
TX,Titus County
TX,Travis County
TX,Trinity County
TX,Tyler County
TX,Upshur County
TX,Uvalde County
TX,Van Zandt County
TX,Victoria County
TX,Walker County
TX,Waller County
TX,Washington County
TX,Webb County
TX,Wharton County
TX,Wichita County
TX,Wilbarger County
TX,Williamson County
TX,Wilson County
TX,Wise County
TX,Wood County
TX,Young County
TX,Zavala County
UT,Box Elder County
UT,Cache County
UT,Carbon County
UT,Daggett County
UT,Davis County
UT,Duchesne County
UT,Emery County
UT,Garfield County
UT,Grand County
UT,Iron County
UT,Juab County
UT,Kane County
UT,Millard County
UT,Morgan County
UT,Rich County
UT,Salt Lake County
UT,San Juan County
UT,Sanpete County
UT,Sevier County
UT,Summit County
UT,Tooele County
UT,Uintah County
UT,Utah County
UT,Wasatch County
UT,Washington County
UT,Wayne County
UT,Weber County
VT,Addison County
VT,Bennington County
VT,Caledonia County
VT,Chittenden County
VT,Essex County
VT,Franklin County
VT,Grand Isle County
VT,Lamoille County
VT,Orange County
VT,Orleans County
VT,Rutland County
VT,Washington County
VT,Windham County
VT,Windsor County
VA,Alexandria
VA,Amelia County
VA,Arlington County
VA,Caroline County
VA,Charles City
VA,Chesapeake
VA,Chesterfield County
VA,Clarke County
VA,Colonial Heights
VA,Culpeper County
VA,Cumberland County
VA,Dinwiddie County
VA,Essex County
VA,Fairfax City
VA,Fairfax County
VA,Falls Church
VA,Fauquier County
VA,Franklin City
VA,Frederick County
VA,Fredericksburg
VA,Gloucester County
VA,Goochland County
VA,Hampton
VA,Hanover County
VA,Henrico County
VA,Hopewell
VA,Isle of Wight County
VA,King Queen County
VA,King George County
VA,King William County
VA,Lancaster County
VA,Loudoun County
VA,Louisa County
VA,Madison County
VA,Manassas
VA,Manassas Park
VA,Mathews County
VA,Middlesex County
VA,New Kent County
VA,Newport News
VA,Norfolk
VA,Northampton County
VA,Northumberland County
VA,Nottoway County
VA,Orange County
VA,Page County
VA,Petersburg
VA,Poquoson
VA,Portsmouth
VA,Powhatan County
VA,Prince George County
VA,Prince William County
VA,Rappahannock County
VA,Richmond City
VA,Shenandoah County
VA,Southampton County
VA,Spotsylvania County
VA,Stafford County
VA,Suffolk
VA,Surry County
VA,Sussex County
VA,Virginia Beach
VA,Warren County
VA,Westmoreland County
VA,Winchester
VA,York County
WA,Adams County
WA,Asotin County
WA,Chelan County
WA,Clallam County
WA,Clark County
WA,Cowlitz County
WA,Douglas County
WA,Ferry County
WA,Grant County
WA,Grays Harbor County
WA,Island County
WA,Jefferson County
WA,King County
WA,Kitsap County
WA,Kittitas County
WA,Klickitat County
WA,Lewis County
WA,Lincoln County
WA,Mason County
WA,Okanogan County
WA,Pacific County
WA,Pend Oreille County
WA,Pierce County
WA,San Juan County
WA,Skagit County
WA,Skamania County
WA,Snohomish County
WA,Spokane County
WA,Stevens County
WA,Thurston County
WA,Wahkiakum County
WA,Walla Walla County
WA,Whatcom County
WV,Berkeley County
WV,Grant County
WV,Hampshire County
WV,Hardy County
WV,Jefferson County
WV,Mineral County
WV,Morgan County
WI,Adams County
WI,Ashland County
WI,Barron County
WI,Bayfield County
WI,Brown County
WI,Buffalo County
WI,Burnett County
WI,Calumet County
WI,Chippewa County
WI,Clark County
WI,Columbia County
WI,Crawford County
WI,Dane County
WI,Dodge County
WI,Door County
WI,Douglas County
WI,Dunn County
WI,Eau Claire County
WI,Florence County
WI,Fond du Lac County
WI,Forest County
WI,Grant County
WI,Green County
WI,Green Lake County
WI,Iowa County
WI,Iron County
WI,Jackson County
WI,Jefferson County
WI,Juneau County
WI,Kenosha County
WI,Kewaunee County
WI,La Crosse County
WI,Lafayette County
WI,Langlade County
WI,Lincoln County
WI,Manitowoc County
WI,Marathon County
WI,Marinette County
WI,Marquette County
WI,Menominee County
WI,Milwaukee County
WI,Monroe County
WI,Oconto County
WI,Oneida County
WI,Outagamie County
WI,Ozaukee County
WI,Pepin County
WI,Pierce County
WI,Polk County
WI,Portage County
WI,Price County
WI,Racine County
WI,Richland County
WI,Rock County
WI,Rusk County
WI,Sauk County
WI,Sawyer County
WI,Shawano County
WI,Sheboygan County
WI,St Croix County
WI,Taylor County
WI,Trempealeau County
WI,Vernon County
WI,Vilas County
WI,Walworth County
WI,Washburn County
WI,Washington County
WI,Waukesha County
WI,Waupaca County
WI,Waushara County
WI,Winnebago County
WI,Wood County
